<PuzzleConfigClass>
   <ClassDisplayName>{3,9} 10C (Non-Orientable)</ClassDisplayName>
   <ClassID>{3,9}.10.Non</ClassID>
   <ExpectedNumColors>10</ExpectedNumColors>
   <Identifications>
      <Identification>
         <EdgeSet>2:2:1</EdgeSet>
         <EndRotation>0</EndRotation>
         <InPlaceReflection>true</InPlaceReflection>
         <UseMirroredEdgeSet>false</UseMirroredEdgeSet>
      </Identification>
   </Identifications>
   <NumTiles>7000</NumTiles>
   <P>3</P>
   <Q>9</Q>
   <Specific>
      <Puzzle>
         <SlicingCircles>
            <EdgeCentered/>
            <FaceCentered>
               <Distance>0:1.5:0:0</Distance>
            </FaceCentered>
            <Thickness>0.02</Thickness>
            <VertexCentered/>
         </SlicingCircles>
      </Puzzle>
      <Edge/>
      <Puzzle>
         <SlicingCircles>
            <EdgeCentered>
               <Distance>0:1:0:0</Distance>
            </EdgeCentered>
            <FaceCentered/>
            <Thickness>0.02</Thickness>
            <VertexCentered/>
         </SlicingCircles>
      </Puzzle>
      <Vertex/>
      <Mixed/>
      <Puzzle>
         <SlicingCircles>
            <EdgeCentered>
               <Distance>0:1:0:0</Distance>
            </EdgeCentered>
            <FaceCentered/>
            <Thickness>0.02</Thickness>
            <VertexCentered>
               <Distance>1:0:0:0</Distance>
            </VertexCentered>
         </SlicingCircles>
      </Puzzle>
   </Specific>
   <TileShrink>0.94</TileShrink>
</PuzzleConfigClass>
